{
  "usingComponents": {
    "van-field": "@vant/weapp/field/index",
    "van-panel": "@vant/weapp/panel/index",
    "van-tab": "@vant/weapp/tab/index",
    "van-tabs": "@vant/weapp/tabs/index",
    "van-button": "@vant/weapp/button/index",
    "van-cell": "@vant/weapp/cell/index",
    "van-cell-group": "@vant/weapp/cell-group/index",
    "van-row": "@vant/weapp/row/index",
    "van-col": "@vant/weapp/col/index",
    "van-divider": "@vant/weapp/divider/index",
    "van-checkbox": "@vant/weapp/checkbox/index",
    "van-checkbox-group": "@vant/weapp/checkbox-group/index",
    "van-dropdown-menu": "@vant/weapp/dropdown-menu/index",
    "van-dropdown-item": "@vant/weapp/dropdown-item/index",
    "van-popup": "@vant/weapp/popup/index",
    "van-icon": "@vant/weapp/icon/index",
    "van-tag": "@vant/weapp/tag/index",
    "van-image": "@vant/weapp/image/index"
  }
}